Task,Alt,Salary,Location,CompanyType,Growth,WorkLife,JobSecurity,Chosen
1,A,12 LPA,Tier-2,MNC,Moderate,Good,Medium,1
1,B,12 LPA,Tier-3,Startup,Fast,Poor,Low,0
2,A,10 LPA,Tier-1,PSU,Moderate,Good,High,1
2,B,10 LPA,Tier-2,Startup,Fast,Excellent,Medium,0
3,A,8 LPA,Tier-2,Startup,Fast,Poor,Low,0
3,B,8 LPA,Tier-3,MNC,Slow,Good,Medium,1
4,A,12 LPA,Tier-3,PSU,Slow,Good,High,0
4,B,12 LPA,Tier-2,MNC,Moderate,Excellent,Medium,1
5,A,10 LPA,Tier-1,MNC,Fast,Excellent,Medium,0
5,B,10 LPA,Tier-3,Startup,Fast,Good,Low,1
6,A,8 LPA,Tier-2,PSU,Moderate,Good,High,0
6,B,8 LPA,Tier-1,MNC,Slow,Excellent,Medium,1
7,A,12 LPA,Tier-3,MNC,Fast,Poor,Medium,0
7,B,12 LPA,Tier-1,Startup,Fast,Good,Low,1
8,A,10 LPA,Tier-2,Startup,Moderate,Excellent,Medium,1
8,B,10 LPA,Tier-3,PSU,Slow,Good,High,0
9,A,12 LPA,Tier-1,Startup,Fast,Poor,Low,0
9,B,8 LPA,Tier-1,PSU,Moderate,Excellent,High,1
10,A,12 LPA,Tier-3,MNC,Slow,Good,Medium,1
10,B,10 LPA,Tier-1,MNC,Fast,Good,Medium,0
11,A,12 LPA,Tier-2,MNC,Moderate,Good,Medium,1
11,B,12 LPA,Tier-3,Startup,Fast,Poor,Low,0
12,A,10 LPA,Tier-1,PSU,Moderate,Good,High,1
12,B,10 LPA,Tier-2,Startup,Fast,Excellent,Medium,0
13,A,8 LPA,Tier-2,Startup,Fast,Poor,Low,0
13,B,8 LPA,Tier-3,MNC,Slow,Good,Medium,1
14,A,12 LPA,Tier-3,PSU,Slow,Good,High,1
14,B,12 LPA,Tier-2,MNC,Moderate,Excellent,Medium,0
15,A,10 LPA,Tier-1,MNC,Fast,Excellent,Medium,1
15,B,10 LPA,Tier-3,Startup,Fast,Good,Low,0
16,A,8 LPA,Tier-2,PSU,Moderate,Good,High,1
16,B,8 LPA,Tier-1,MNC,Slow,Excellent,Medium,0
17,A,12 LPA,Tier-3,MNC,Fast,Poor,Medium,0
17,B,12 LPA,Tier-1,Startup,Fast,Good,Low,1
18,A,10 LPA,Tier-2,Startup,Moderate,Excellent,Medium,0
18,B,10 LPA,Tier-3,PSU,Slow,Good,High,1
19,A,12 LPA,Tier-1,Startup,Fast,Poor,Low,0
19,B,8 LPA,Tier-1,PSU,Moderate,Excellent,High,1
20,A,12 LPA,Tier-3,MNC,Slow,Good,Medium,0
20,B,10 LPA,Tier-1,MNC,Fast,Good,Medium,1
21,A,12 LPA,Tier-2,MNC,Moderate,Good,Medium,0
21,B,12 LPA,Tier-3,Startup,Fast,Poor,Low,1
22,A,10 LPA,Tier-1,PSU,Moderate,Good,High,0
22,B,10 LPA,Tier-2,Startup,Fast,Excellent,Medium,1
23,A,8 LPA,Tier-2,Startup,Fast,Poor,Low,1
23,B,8 LPA,Tier-3,MNC,Slow,Good,Medium,0
24,A,12 LPA,Tier-3,PSU,Slow,Good,High,0
24,B,12 LPA,Tier-2,MNC,Moderate,Excellent,Medium,1
25,A,10 LPA,Tier-1,MNC,Fast,Excellent,Medium,1
25,B,10 LPA,Tier-3,Startup,Fast,Good,Low,0
26,A,8 LPA,Tier-2,PSU,Moderate,Good,High,0
26,B,8 LPA,Tier-1,MNC,Slow,Excellent,Medium,1
27,A,12 LPA,Tier-3,MNC,Fast,Poor,Medium,0
27,B,12 LPA,Tier-1,Startup,Fast,Good,Low,1
28,A,10 LPA,Tier-2,Startup,Moderate,Excellent,Medium,1
28,B,10 LPA,Tier-3,PSU,Slow,Good,High,0
29,A,12 LPA,Tier-1,Startup,Fast,Poor,Low,1
29,B,8 LPA,Tier-1,PSU,Moderate,Excellent,High,0
30,A,12 LPA,Tier-3,MNC,Slow,Good,Medium,0
30,B,10 LPA,Tier-1,MNC,Fast,Good,Medium,1
31,A,12 LPA,Tier-2,MNC,Moderate,Good,Medium,1
31,B,12 LPA,Tier-3,Startup,Fast,Poor,Low,0
32,A,10 LPA,Tier-1,PSU,Moderate,Good,High,0
32,B,10 LPA,Tier-2,Startup,Fast,Excellent,Medium,1
33,A,8 LPA,Tier-2,Startup,Fast,Poor,Low,0
33,B,8 LPA,Tier-3,MNC,Slow,Good,Medium,1
34,A,12 LPA,Tier-3,PSU,Slow,Good,High,0
34,B,12 LPA,Tier-2,MNC,Moderate,Excellent,Medium,1
35,A,10 LPA,Tier-1,MNC,Fast,Excellent,Medium,1
35,B,10 LPA,Tier-3,Startup,Fast,Good,Low,0
36,A,8 LPA,Tier-2,PSU,Moderate,Good,High,1
36,B,8 LPA,Tier-1,MNC,Slow,Excellent,Medium,0
37,A,12 LPA,Tier-3,MNC,Fast,Poor,Medium,0
37,B,12 LPA,Tier-1,Startup,Fast,Good,Low,1
38,A,10 LPA,Tier-2,Startup,Moderate,Excellent,Medium,1
38,B,10 LPA,Tier-3,PSU,Slow,Good,High,0
39,A,12 LPA,Tier-1,Startup,Fast,Poor,Low,1
39,B,8 LPA,Tier-1,PSU,Moderate,Excellent,High,0
40,A,12 LPA,Tier-3,MNC,Slow,Good,Medium,0
40,B,10 LPA,Tier-1,MNC,Fast,Good,Medium,1
41,A,12 LPA,Tier-2,MNC,Moderate,Good,Medium,1
41,B,12 LPA,Tier-3,Startup,Fast,Poor,Low,0
42,A,10 LPA,Tier-1,PSU,Moderate,Good,High,1
42,B,10 LPA,Tier-2,Startup,Fast,Excellent,Medium,0
43,A,8 LPA,Tier-2,Startup,Fast,Poor,Low,0
43,B,8 LPA,Tier-3,MNC,Slow,Good,Medium,1
44,A,12 LPA,Tier-3,PSU,Slow,Good,High,1
44,B,12 LPA,Tier-2,MNC,Moderate,Excellent,Medium,0
45,A,10 LPA,Tier-1,MNC,Fast,Excellent,Medium,0
45,B,10 LPA,Tier-3,Startup,Fast,Good,Low,1
46,A,8 LPA,Tier-2,PSU,Moderate,Good,High,1
46,B,8 LPA,Tier-1,MNC,Slow,Excellent,Medium,0
47,A,12 LPA,Tier-3,MNC,Fast,Poor,Medium,0
47,B,12 LPA,Tier-1,Startup,Fast,Good,Low,1
48,A,10 LPA,Tier-2,Startup,Moderate,Excellent,Medium,0
48,B,10 LPA,Tier-3,PSU,Slow,Good,High,1
49,A,12 LPA,Tier-1,Startup,Fast,Poor,Low,0
49,B,8 LPA,Tier-1,PSU,Moderate,Excellent,High,1
50,A,12 LPA,Tier-3,MNC,Slow,Good,Medium,0
50,B,10 LPA,Tier-1,MNC,Fast,Good,Medium,1
51,A,12 LPA,Tier-2,MNC,Moderate,Good,Medium,1
51,B,12 LPA,Tier-3,Startup,Fast,Poor,Low,0
52,A,10 LPA,Tier-1,PSU,Moderate,Good,High,1
52,B,10 LPA,Tier-2,Startup,Fast,Excellent,Medium,0
53,A,8 LPA,Tier-2,Startup,Fast,Poor,Low,0
53,B,8 LPA,Tier-3,MNC,Slow,Good,Medium,1
54,A,12 LPA,Tier-3,PSU,Slow,Good,High,1
54,B,12 LPA,Tier-2,MNC,Moderate,Excellent,Medium,0
55,A,10 LPA,Tier-1,MNC,Fast,Excellent,Medium,1
55,B,10 LPA,Tier-3,Startup,Fast,Good,Low,0
56,A,8 LPA,Tier-2,PSU,Moderate,Good,High,1
56,B,8 LPA,Tier-1,MNC,Slow,Excellent,Medium,0
57,A,12 LPA,Tier-3,MNC,Fast,Poor,Medium,1
57,B,12 LPA,Tier-1,Startup,Fast,Good,Low,0
58,A,10 LPA,Tier-2,Startup,Moderate,Excellent,Medium,1
58,B,10 LPA,Tier-3,PSU,Slow,Good,High,0
59,A,12 LPA,Tier-1,Startup,Fast,Poor,Low,0
59,B,8 LPA,Tier-1,PSU,Moderate,Excellent,High,1
60,A,12 LPA,Tier-3,MNC,Slow,Good,Medium,1
60,B,10 LPA,Tier-1,MNC,Fast,Good,Medium,0
61,A,12 LPA,Tier-2,MNC,Moderate,Good,Medium,1
61,B,12 LPA,Tier-3,Startup,Fast,Poor,Low,0
62,A,10 LPA,Tier-1,PSU,Moderate,Good,High,0
62,B,10 LPA,Tier-2,Startup,Fast,Excellent,Medium,1
63,A,8 LPA,Tier-2,Startup,Fast,Poor,Low,0
63,B,8 LPA,Tier-3,MNC,Slow,Good,Medium,1
64,A,12 LPA,Tier-3,PSU,Slow,Good,High,0
64,B,12 LPA,Tier-2,MNC,Moderate,Excellent,Medium,1
65,A,10 LPA,Tier-1,MNC,Fast,Excellent,Medium,1
65,B,10 LPA,Tier-3,Startup,Fast,Good,Low,0
66,A,8 LPA,Tier-2,PSU,Moderate,Good,High,1
66,B,8 LPA,Tier-1,MNC,Slow,Excellent,Medium,0
67,A,12 LPA,Tier-3,MNC,Fast,Poor,Medium,0
67,B,12 LPA,Tier-1,Startup,Fast,Good,Low,1
68,A,10 LPA,Tier-2,Startup,Moderate,Excellent,Medium,1
68,B,10 LPA,Tier-3,PSU,Slow,Good,High,0
69,A,12 LPA,Tier-1,Startup,Fast,Poor,Low,1
69,B,8 LPA,Tier-1,PSU,Moderate,Excellent,High,0
70,A,12 LPA,Tier-3,MNC,Slow,Good,Medium,0
70,B,10 LPA,Tier-1,MNC,Fast,Good,Medium,1
71,A,12 LPA,Tier-2,MNC,Moderate,Good,Medium,1
71,B,12 LPA,Tier-3,Startup,Fast,Poor,Low,0
72,A,10 LPA,Tier-1,PSU,Moderate,Good,High,0
72,B,10 LPA,Tier-2,Startup,Fast,Excellent,Medium,1
73,A,8 LPA,Tier-2,Startup,Fast,Poor,Low,0
73,B,8 LPA,Tier-3,MNC,Slow,Good,Medium,1
74,A,12 LPA,Tier-3,PSU,Slow,Good,High,1
74,B,12 LPA,Tier-2,MNC,Moderate,Excellent,Medium,0
75,A,10 LPA,Tier-1,MNC,Fast,Excellent,Medium,0
75,B,10 LPA,Tier-3,Startup,Fast,Good,Low,1
76,A,8 LPA,Tier-2,PSU,Moderate,Good,High,1
76,B,8 LPA,Tier-1,MNC,Slow,Excellent,Medium,0
77,A,12 LPA,Tier-3,MNC,Fast,Poor,Medium,1
77,B,12 LPA,Tier-1,Startup,Fast,Good,Low,0
78,A,10 LPA,Tier-2,Startup,Moderate,Excellent,Medium,0
78,B,10 LPA,Tier-3,PSU,Slow,Good,High,1
79,A,12 LPA,Tier-1,Startup,Fast,Poor,Low,0
79,B,8 LPA,Tier-1,PSU,Moderate,Excellent,High,1
80,A,12 LPA,Tier-3,MNC,Slow,Good,Medium,1
80,B,10 LPA,Tier-1,MNC,Fast,Good,Medium,0
81,A,12 LPA,Tier-2,MNC,Moderate,Good,Medium,1
81,B,12 LPA,Tier-3,Startup,Fast,Poor,Low,0
82,A,10 LPA,Tier-1,PSU,Moderate,Good,High,1
82,B,10 LPA,Tier-2,Startup,Fast,Excellent,Medium,0
83,A,8 LPA,Tier-2,Startup,Fast,Poor,Low,0
83,B,8 LPA,Tier-3,MNC,Slow,Good,Medium,1
84,A,12 LPA,Tier-3,PSU,Slow,Good,High,0
84,B,12 LPA,Tier-2,MNC,Moderate,Excellent,Medium,1
85,A,10 LPA,Tier-1,MNC,Fast,Excellent,Medium,1
85,B,10 LPA,Tier-3,Startup,Fast,Good,Low,0
86,A,8 LPA,Tier-2,PSU,Moderate,Good,High,0
86,B,8 LPA,Tier-1,MNC,Slow,Excellent,Medium,1
87,A,12 LPA,Tier-3,MNC,Fast,Poor,Medium,0
87,B,12 LPA,Tier-1,Startup,Fast,Good,Low,1
88,A,10 LPA,Tier-2,Startup,Moderate,Excellent,Medium,1
88,B,10 LPA,Tier-3,PSU,Slow,Good,High,0
89,A,12 LPA,Tier-1,Startup,Fast,Poor,Low,0
89,B,8 LPA,Tier-1,PSU,Moderate,Excellent,High,1
90,A,12 LPA,Tier-3,MNC,Slow,Good,Medium,0
90,B,10 LPA,Tier-1,MNC,Fast,Good,Medium,1
91,A,12 LPA,Tier-2,MNC,Moderate,Good,Medium,0
91,B,12 LPA,Tier-3,Startup,Fast,Poor,Low,1
92,A,10 LPA,Tier-1,PSU,Moderate,Good,High,0
92,B,10 LPA,Tier-2,Startup,Fast,Excellent,Medium,1
93,A,8 LPA,Tier-2,Startup,Fast,Poor,Low,0
93,B,8 LPA,Tier-3,MNC,Slow,Good,Medium,1
94,A,12 LPA,Tier-3,PSU,Slow,Good,High,0
94,B,12 LPA,Tier-2,MNC,Moderate,Excellent,Medium,1
95,A,10 LPA,Tier-1,MNC,Fast,Excellent,Medium,0
95,B,10 LPA,Tier-3,Startup,Fast,Good,Low,1
96,A,8 LPA,Tier-2,PSU,Moderate,Good,High,1
96,B,8 LPA,Tier-1,MNC,Slow,Excellent,Medium,0
97,A,12 LPA,Tier-3,MNC,Fast,Poor,Medium,0
97,B,12 LPA,Tier-1,Startup,Fast,Good,Low,1
98,A,10 LPA,Tier-2,Startup,Moderate,Excellent,Medium,1
98,B,10 LPA,Tier-3,PSU,Slow,Good,High,0
99,A,12 LPA,Tier-1,Startup,Fast,Poor,Low,0
99,B,8 LPA,Tier-1,PSU,Moderate,Excellent,High,1
100,A,12 LPA,Tier-3,MNC,Slow,Good,Medium,0
100,B,10 LPA,Tier-1,MNC,Fast,Good,Medium,1
101,A,12 LPA,Tier-2,MNC,Moderate,Good,Medium,1
101,B,12 LPA,Tier-3,Startup,Fast,Poor,Low,0
102,A,10 LPA,Tier-1,PSU,Moderate,Good,High,1
102,B,10 LPA,Tier-2,Startup,Fast,Excellent,Medium,0
103,A,8 LPA,Tier-2,Startup,Fast,Poor,Low,0
103,B,8 LPA,Tier-3,MNC,Slow,Good,Medium,1
104,A,12 LPA,Tier-3,PSU,Slow,Good,High,0
104,B,12 LPA,Tier-2,MNC,Moderate,Excellent,Medium,1
105,A,10 LPA,Tier-1,MNC,Fast,Excellent,Medium,1
105,B,10 LPA,Tier-3,Startup,Fast,Good,Low,0
106,A,8 LPA,Tier-2,PSU,Moderate,Good,High,1
106,B,8 LPA,Tier-1,MNC,Slow,Excellent,Medium,0
107,A,12 LPA,Tier-3,MNC,Fast,Poor,Medium,0
107,B,12 LPA,Tier-1,Startup,Fast,Good,Low,1
108,A,10 LPA,Tier-2,Startup,Moderate,Excellent,Medium,1
108,B,10 LPA,Tier-3,PSU,Slow,Good,High,0
109,A,12 LPA,Tier-1,Startup,Fast,Poor,Low,0
109,B,8 LPA,Tier-1,PSU,Moderate,Excellent,High,1
110,A,12 LPA,Tier-3,MNC,Slow,Good,Medium,1
110,B,10 LPA,Tier-1,MNC,Fast,Good,Medium,0
111,A,12 LPA,Tier-2,MNC,Moderate,Good,Medium,1
111,B,12 LPA,Tier-3,Startup,Fast,Poor,Low,0
112,A,10 LPA,Tier-1,PSU,Moderate,Good,High,0
112,B,10 LPA,Tier-2,Startup,Fast,Excellent,Medium,1
113,A,8 LPA,Tier-2,Startup,Fast,Poor,Low,0
113,B,8 LPA,Tier-3,MNC,Slow,Good,Medium,1
114,A,12 LPA,Tier-3,PSU,Slow,Good,High,0
114,B,12 LPA,Tier-2,MNC,Moderate,Excellent,Medium,1
115,A,10 LPA,Tier-1,MNC,Fast,Excellent,Medium,1
115,B,10 LPA,Tier-3,Startup,Fast,Good,Low,0
116,A,8 LPA,Tier-2,PSU,Moderate,Good,High,0
116,B,8 LPA,Tier-1,MNC,Slow,Excellent,Medium,1
117,A,12 LPA,Tier-3,MNC,Fast,Poor,Medium,0
117,B,12 LPA,Tier-1,Startup,Fast,Good,Low,1
118,A,10 LPA,Tier-2,Startup,Moderate,Excellent,Medium,0
118,B,10 LPA,Tier-3,PSU,Slow,Good,High,1
119,A,12 LPA,Tier-1,Startup,Fast,Poor,Low,0
119,B,8 LPA,Tier-1,PSU,Moderate,Excellent,High,1
120,A,12 LPA,Tier-3,MNC,Slow,Good,Medium,1
120,B,10 LPA,Tier-1,MNC,Fast,Good,Medium,0
121,A,12 LPA,Tier-2,MNC,Moderate,Good,Medium,1
121,B,12 LPA,Tier-3,Startup,Fast,Poor,Low,0
122,A,10 LPA,Tier-1,PSU,Moderate,Good,High,0
122,B,10 LPA,Tier-2,Startup,Fast,Excellent,Medium,1
123,A,8 LPA,Tier-2,Startup,Fast,Poor,Low,0
123,B,8 LPA,Tier-3,MNC,Slow,Good,Medium,1
124,A,12 LPA,Tier-3,PSU,Slow,Good,High,0
124,B,12 LPA,Tier-2,MNC,Moderate,Excellent,Medium,1
125,A,10 LPA,Tier-1,MNC,Fast,Excellent,Medium,1
125,B,10 LPA,Tier-3,Startup,Fast,Good,Low,0
126,A,8 LPA,Tier-2,PSU,Moderate,Good,High,0
126,B,8 LPA,Tier-1,MNC,Slow,Excellent,Medium,1
127,A,12 LPA,Tier-3,MNC,Fast,Poor,Medium,0
127,B,12 LPA,Tier-1,Startup,Fast,Good,Low,1
128,A,10 LPA,Tier-2,Startup,Moderate,Excellent,Medium,1
128,B,10 LPA,Tier-3,PSU,Slow,Good,High,0
129,A,12 LPA,Tier-1,Startup,Fast,Poor,Low,0
129,B,8 LPA,Tier-1,PSU,Moderate,Excellent,High,1
130,A,12 LPA,Tier-3,MNC,Slow,Good,Medium,0
130,B,10 LPA,Tier-1,MNC,Fast,Good,Medium,1
131,A,12 LPA,Tier-2,MNC,Moderate,Good,Medium,1
131,B,12 LPA,Tier-3,Startup,Fast,Poor,Low,0
132,A,10 LPA,Tier-1,PSU,Moderate,Good,High,1
132,B,10 LPA,Tier-2,Startup,Fast,Excellent,Medium,0
133,A,8 LPA,Tier-2,Startup,Fast,Poor,Low,0
133,B,8 LPA,Tier-3,MNC,Slow,Good,Medium,1
134,A,12 LPA,Tier-3,PSU,Slow,Good,High,1
134,B,12 LPA,Tier-2,MNC,Moderate,Excellent,Medium,0
135,A,10 LPA,Tier-1,MNC,Fast,Excellent,Medium,1
135,B,10 LPA,Tier-3,Startup,Fast,Good,Low,0
136,A,8 LPA,Tier-2,PSU,Moderate,Good,High,0
136,B,8 LPA,Tier-1,MNC,Slow,Excellent,Medium,1
137,A,12 LPA,Tier-3,MNC,Fast,Poor,Medium,0
137,B,12 LPA,Tier-1,Startup,Fast,Good,Low,1
138,A,10 LPA,Tier-2,Startup,Moderate,Excellent,Medium,1
138,B,10 LPA,Tier-3,PSU,Slow,Good,High,0
139,A,12 LPA,Tier-1,Startup,Fast,Poor,Low,0
139,B,8 LPA,Tier-1,PSU,Moderate,Excellent,High,1
140,A,12 LPA,Tier-3,MNC,Slow,Good,Medium,1
140,B,10 LPA,Tier-1,MNC,Fast,Good,Medium,0
141,A,12 LPA,Tier-2,MNC,Moderate,Good,Medium,1
141,B,12 LPA,Tier-3,Startup,Fast,Poor,Low,0
142,A,10 LPA,Tier-1,PSU,Moderate,Good,High,0
142,B,10 LPA,Tier-2,Startup,Fast,Excellent,Medium,1
143,A,8 LPA,Tier-2,Startup,Fast,Poor,Low,0
143,B,8 LPA,Tier-3,MNC,Slow,Good,Medium,1
144,A,12 LPA,Tier-3,PSU,Slow,Good,High,0
144,B,12 LPA,Tier-2,MNC,Moderate,Excellent,Medium,1
145,A,10 LPA,Tier-1,MNC,Fast,Excellent,Medium,1
145,B,10 LPA,Tier-3,Startup,Fast,Good,Low,0
146,A,8 LPA,Tier-2,PSU,Moderate,Good,High,1
146,B,8 LPA,Tier-1,MNC,Slow,Excellent,Medium,0
147,A,12 LPA,Tier-3,MNC,Fast,Poor,Medium,1
147,B,12 LPA,Tier-1,Startup,Fast,Good,Low,0
148,A,10 LPA,Tier-2,Startup,Moderate,Excellent,Medium,1
148,B,10 LPA,Tier-3,PSU,Slow,Good,High,0
149,A,12 LPA,Tier-1,Startup,Fast,Poor,Low,0
149,B,8 LPA,Tier-1,PSU,Moderate,Excellent,High,1
150,A,12 LPA,Tier-3,MNC,Slow,Good,Medium,0
150,B,10 LPA,Tier-1,MNC,Fast,Good,Medium,1
151,A,12 LPA,Tier-2,MNC,Moderate,Good,Medium,1
151,B,12 LPA,Tier-3,Startup,Fast,Poor,Low,0
152,A,10 LPA,Tier-1,PSU,Moderate,Good,High,1
152,B,10 LPA,Tier-2,Startup,Fast,Excellent,Medium,0
153,A,8 LPA,Tier-2,Startup,Fast,Poor,Low,0
153,B,8 LPA,Tier-3,MNC,Slow,Good,Medium,1
154,A,12 LPA,Tier-3,PSU,Slow,Good,High,0
154,B,12 LPA,Tier-2,MNC,Moderate,Excellent,Medium,1
155,A,10 LPA,Tier-1,MNC,Fast,Excellent,Medium,1
155,B,10 LPA,Tier-3,Startup,Fast,Good,Low,0
156,A,8 LPA,Tier-2,PSU,Moderate,Good,High,1
156,B,8 LPA,Tier-1,MNC,Slow,Excellent,Medium,0
157,A,12 LPA,Tier-3,MNC,Fast,Poor,Medium,1
157,B,12 LPA,Tier-1,Startup,Fast,Good,Low,0
158,A,10 LPA,Tier-2,Startup,Moderate,Excellent,Medium,1
158,B,10 LPA,Tier-3,PSU,Slow,Good,High,0
159,A,12 LPA,Tier-1,Startup,Fast,Poor,Low,1
159,B,8 LPA,Tier-1,PSU,Moderate,Excellent,High,0
160,A,12 LPA,Tier-3,MNC,Slow,Good,Medium,0
160,B,10 LPA,Tier-1,MNC,Fast,Good,Medium,1
161,A,12 LPA,Tier-2,MNC,Moderate,Good,Medium,1
161,B,12 LPA,Tier-3,Startup,Fast,Poor,Low,0
162,A,10 LPA,Tier-1,PSU,Moderate,Good,High,1
162,B,10 LPA,Tier-2,Startup,Fast,Excellent,Medium,0
163,A,8 LPA,Tier-2,Startup,Fast,Poor,Low,0
163,B,8 LPA,Tier-3,MNC,Slow,Good,Medium,1
164,A,12 LPA,Tier-3,PSU,Slow,Good,High,1
164,B,12 LPA,Tier-2,MNC,Moderate,Excellent,Medium,0
165,A,10 LPA,Tier-1,MNC,Fast,Excellent,Medium,1
165,B,10 LPA,Tier-3,Startup,Fast,Good,Low,0
166,A,8 LPA,Tier-2,PSU,Moderate,Good,High,1
166,B,8 LPA,Tier-1,MNC,Slow,Excellent,Medium,0
167,A,12 LPA,Tier-3,MNC,Fast,Poor,Medium,1
167,B,12 LPA,Tier-1,Startup,Fast,Good,Low,0
168,A,10 LPA,Tier-2,Startup,Moderate,Excellent,Medium,0
168,B,10 LPA,Tier-3,PSU,Slow,Good,High,1
169,A,12 LPA,Tier-1,Startup,Fast,Poor,Low,0
169,B,8 LPA,Tier-1,PSU,Moderate,Excellent,High,1
170,A,12 LPA,Tier-3,MNC,Slow,Good,Medium,1
170,B,10 LPA,Tier-1,MNC,Fast,Good,Medium,0
171,A,12 LPA,Tier-2,MNC,Moderate,Good,Medium,1
171,B,12 LPA,Tier-3,Startup,Fast,Poor,Low,0
172,A,10 LPA,Tier-1,PSU,Moderate,Good,High,1
172,B,10 LPA,Tier-2,Startup,Fast,Excellent,Medium,0
173,A,8 LPA,Tier-2,Startup,Fast,Poor,Low,0
173,B,8 LPA,Tier-3,MNC,Slow,Good,Medium,1
174,A,12 LPA,Tier-3,PSU,Slow,Good,High,1
174,B,12 LPA,Tier-2,MNC,Moderate,Excellent,Medium,0
175,A,10 LPA,Tier-1,MNC,Fast,Excellent,Medium,1
175,B,10 LPA,Tier-3,Startup,Fast,Good,Low,0
176,A,8 LPA,Tier-2,PSU,Moderate,Good,High,1
176,B,8 LPA,Tier-1,MNC,Slow,Excellent,Medium,0
177,A,12 LPA,Tier-3,MNC,Fast,Poor,Medium,1
177,B,12 LPA,Tier-1,Startup,Fast,Good,Low,0
178,A,10 LPA,Tier-2,Startup,Moderate,Excellent,Medium,0
178,B,10 LPA,Tier-3,PSU,Slow,Good,High,1
179,A,12 LPA,Tier-1,Startup,Fast,Poor,Low,0
179,B,8 LPA,Tier-1,PSU,Moderate,Excellent,High,1
180,A,12 LPA,Tier-3,MNC,Slow,Good,Medium,0
180,B,10 LPA,Tier-1,MNC,Fast,Good,Medium,1
181,A,12 LPA,Tier-2,MNC,Moderate,Good,Medium,1
181,B,12 LPA,Tier-3,Startup,Fast,Poor,Low,0
182,A,10 LPA,Tier-1,PSU,Moderate,Good,High,0
182,B,10 LPA,Tier-2,Startup,Fast,Excellent,Medium,1
183,A,8 LPA,Tier-2,Startup,Fast,Poor,Low,0
183,B,8 LPA,Tier-3,MNC,Slow,Good,Medium,1
184,A,12 LPA,Tier-3,PSU,Slow,Good,High,1
184,B,12 LPA,Tier-2,MNC,Moderate,Excellent,Medium,0
185,A,10 LPA,Tier-1,MNC,Fast,Excellent,Medium,0
185,B,10 LPA,Tier-3,Startup,Fast,Good,Low,1
186,A,8 LPA,Tier-2,PSU,Moderate,Good,High,1
186,B,8 LPA,Tier-1,MNC,Slow,Excellent,Medium,0
187,A,12 LPA,Tier-3,MNC,Fast,Poor,Medium,1
187,B,12 LPA,Tier-1,Startup,Fast,Good,Low,0
188,A,10 LPA,Tier-2,Startup,Moderate,Excellent,Medium,0
188,B,10 LPA,Tier-3,PSU,Slow,Good,High,1
189,A,12 LPA,Tier-1,Startup,Fast,Poor,Low,1
189,B,8 LPA,Tier-1,PSU,Moderate,Excellent,High,0
190,A,12 LPA,Tier-3,MNC,Slow,Good,Medium,1
190,B,10 LPA,Tier-1,MNC,Fast,Good,Medium,0
191,A,12 LPA,Tier-2,MNC,Moderate,Good,Medium,0
191,B,12 LPA,Tier-3,Startup,Fast,Poor,Low,1
192,A,10 LPA,Tier-1,PSU,Moderate,Good,High,0
192,B,10 LPA,Tier-2,Startup,Fast,Excellent,Medium,1
193,A,8 LPA,Tier-2,Startup,Fast,Poor,Low,0
193,B,8 LPA,Tier-3,MNC,Slow,Good,Medium,1
194,A,12 LPA,Tier-3,PSU,Slow,Good,High,0
194,B,12 LPA,Tier-2,MNC,Moderate,Excellent,Medium,1
195,A,10 LPA,Tier-1,MNC,Fast,Excellent,Medium,0
195,B,10 LPA,Tier-3,Startup,Fast,Good,Low,1
196,A,8 LPA,Tier-2,PSU,Moderate,Good,High,1
196,B,8 LPA,Tier-1,MNC,Slow,Excellent,Medium,0
197,A,12 LPA,Tier-3,MNC,Fast,Poor,Medium,1
197,B,12 LPA,Tier-1,Startup,Fast,Good,Low,0
198,A,10 LPA,Tier-2,Startup,Moderate,Excellent,Medium,0
198,B,10 LPA,Tier-3,PSU,Slow,Good,High,1
199,A,12 LPA,Tier-1,Startup,Fast,Poor,Low,1
199,B,8 LPA,Tier-1,PSU,Moderate,Excellent,High,0
200,A,12 LPA,Tier-3,MNC,Slow,Good,Medium,1
200,B,10 LPA,Tier-1,MNC,Fast,Good,Medium,0
201,A,12 LPA,Tier-2,MNC,Moderate,Good,Medium,1
201,B,12 LPA,Tier-3,Startup,Fast,Poor,Low,0
202,A,10 LPA,Tier-1,PSU,Moderate,Good,High,1
202,B,10 LPA,Tier-2,Startup,Fast,Excellent,Medium,0
203,A,8 LPA,Tier-2,Startup,Fast,Poor,Low,1
203,B,8 LPA,Tier-3,MNC,Slow,Good,Medium,0
204,A,12 LPA,Tier-3,PSU,Slow,Good,High,1
204,B,12 LPA,Tier-2,MNC,Moderate,Excellent,Medium,0
205,A,10 LPA,Tier-1,MNC,Fast,Excellent,Medium,1
205,B,10 LPA,Tier-3,Startup,Fast,Good,Low,0
206,A,8 LPA,Tier-2,PSU,Moderate,Good,High,1
206,B,8 LPA,Tier-1,MNC,Slow,Excellent,Medium,0
207,A,12 LPA,Tier-3,MNC,Fast,Poor,Medium,1
207,B,12 LPA,Tier-1,Startup,Fast,Good,Low,0
208,A,10 LPA,Tier-2,Startup,Moderate,Excellent,Medium,1
208,B,10 LPA,Tier-3,PSU,Slow,Good,High,0
209,A,12 LPA,Tier-1,Startup,Fast,Poor,Low,1
209,B,8 LPA,Tier-1,PSU,Moderate,Excellent,High,0
210,A,12 LPA,Tier-3,MNC,Slow,Good,Medium,1
210,B,10 LPA,Tier-1,MNC,Fast,Good,Medium,0
211,A,12 LPA,Tier-2,MNC,Moderate,Good,Medium,1
211,B,12 LPA,Tier-3,Startup,Fast,Poor,Low,0
212,A,10 LPA,Tier-1,PSU,Moderate,Good,High,0
212,B,10 LPA,Tier-2,Startup,Fast,Excellent,Medium,1
213,A,8 LPA,Tier-2,Startup,Fast,Poor,Low,1
213,B,8 LPA,Tier-3,MNC,Slow,Good,Medium,0
214,A,12 LPA,Tier-3,PSU,Slow,Good,High,0
214,B,12 LPA,Tier-2,MNC,Moderate,Excellent,Medium,1
215,A,10 LPA,Tier-1,MNC,Fast,Excellent,Medium,1
215,B,10 LPA,Tier-3,Startup,Fast,Good,Low,0
216,A,8 LPA,Tier-2,PSU,Moderate,Good,High,1
216,B,8 LPA,Tier-1,MNC,Slow,Excellent,Medium,0
217,A,12 LPA,Tier-3,MNC,Fast,Poor,Medium,1
217,B,12 LPA,Tier-1,Startup,Fast,Good,Low,0
218,A,10 LPA,Tier-2,Startup,Moderate,Excellent,Medium,1
218,B,10 LPA,Tier-3,PSU,Slow,Good,High,0
219,A,12 LPA,Tier-1,Startup,Fast,Poor,Low,1
219,B,8 LPA,Tier-1,PSU,Moderate,Excellent,High,0
220,A,12 LPA,Tier-3,MNC,Slow,Good,Medium,0
220,B,10 LPA,Tier-1,MNC,Fast,Good,Medium,1
221,A,12 LPA,Tier-2,MNC,Moderate,Good,Medium,1
221,B,12 LPA,Tier-3,Startup,Fast,Poor,Low,0
222,A,10 LPA,Tier-1,PSU,Moderate,Good,High,1
222,B,10 LPA,Tier-2,Startup,Fast,Excellent,Medium,0
223,A,8 LPA,Tier-2,Startup,Fast,Poor,Low,1
223,B,8 LPA,Tier-3,MNC,Slow,Good,Medium,0
224,A,12 LPA,Tier-3,PSU,Slow,Good,High,1
224,B,12 LPA,Tier-2,MNC,Moderate,Excellent,Medium,0
225,A,10 LPA,Tier-1,MNC,Fast,Excellent,Medium,1
225,B,10 LPA,Tier-3,Startup,Fast,Good,Low,0
226,A,8 LPA,Tier-2,PSU,Moderate,Good,High,1
226,B,8 LPA,Tier-1,MNC,Slow,Excellent,Medium,0
227,A,12 LPA,Tier-3,MNC,Fast,Poor,Medium,1
227,B,12 LPA,Tier-1,Startup,Fast,Good,Low,0
228,A,10 LPA,Tier-2,Startup,Moderate,Excellent,Medium,1
228,B,10 LPA,Tier-3,PSU,Slow,Good,High,0
229,A,12 LPA,Tier-1,Startup,Fast,Poor,Low,1
229,B,8 LPA,Tier-1,PSU,Moderate,Excellent,High,0
230,A,12 LPA,Tier-3,MNC,Slow,Good,Medium,1
230,B,10 LPA,Tier-1,MNC,Fast,Good,Medium,0
231,A,12 LPA,Tier-2,MNC,Moderate,Good,Medium,1
231,B,12 LPA,Tier-3,Startup,Fast,Poor,Low,0
232,A,10 LPA,Tier-1,PSU,Moderate,Good,High,0
232,B,10 LPA,Tier-2,Startup,Fast,Excellent,Medium,1
233,A,8 LPA,Tier-2,Startup,Fast,Poor,Low,0
233,B,8 LPA,Tier-3,MNC,Slow,Good,Medium,1
234,A,12 LPA,Tier-3,PSU,Slow,Good,High,0
234,B,12 LPA,Tier-2,MNC,Moderate,Excellent,Medium,1
235,A,10 LPA,Tier-1,MNC,Fast,Excellent,Medium,1
235,B,10 LPA,Tier-3,Startup,Fast,Good,Low,0
236,A,8 LPA,Tier-2,PSU,Moderate,Good,High,0
236,B,8 LPA,Tier-1,MNC,Slow,Excellent,Medium,1
237,A,12 LPA,Tier-3,MNC,Fast,Poor,Medium,0
237,B,12 LPA,Tier-1,Startup,Fast,Good,Low,1
238,A,10 LPA,Tier-2,Startup,Moderate,Excellent,Medium,1
238,B,10 LPA,Tier-3,PSU,Slow,Good,High,0
239,A,12 LPA,Tier-1,Startup,Fast,Poor,Low,0
239,B,8 LPA,Tier-1,PSU,Moderate,Excellent,High,1
240,A,12 LPA,Tier-3,MNC,Slow,Good,Medium,0
240,B,10 LPA,Tier-1,MNC,Fast,Good,Medium,1
241,A,12 LPA,Tier-2,MNC,Moderate,Good,Medium,1
241,B,12 LPA,Tier-3,Startup,Fast,Poor,Low,0
242,A,10 LPA,Tier-1,PSU,Moderate,Good,High,0
242,B,10 LPA,Tier-2,Startup,Fast,Excellent,Medium,1
243,A,8 LPA,Tier-2,Startup,Fast,Poor,Low,0
243,B,8 LPA,Tier-3,MNC,Slow,Good,Medium,1
244,A,12 LPA,Tier-3,PSU,Slow,Good,High,0
244,B,12 LPA,Tier-2,MNC,Moderate,Excellent,Medium,1
245,A,10 LPA,Tier-1,MNC,Fast,Excellent,Medium,1
245,B,10 LPA,Tier-3,Startup,Fast,Good,Low,0
246,A,8 LPA,Tier-2,PSU,Moderate,Good,High,1
246,B,8 LPA,Tier-1,MNC,Slow,Excellent,Medium,0
247,A,12 LPA,Tier-3,MNC,Fast,Poor,Medium,1
247,B,12 LPA,Tier-1,Startup,Fast,Good,Low,0
248,A,10 LPA,Tier-2,Startup,Moderate,Excellent,Medium,1
248,B,10 LPA,Tier-3,PSU,Slow,Good,High,0
249,A,12 LPA,Tier-1,Startup,Fast,Poor,Low,0
249,B,8 LPA,Tier-1,PSU,Moderate,Excellent,High,1
250,A,12 LPA,Tier-3,MNC,Slow,Good,Medium,0
250,B,10 LPA,Tier-1,MNC,Fast,Good,Medium,1
251,A,12 LPA,Tier-2,MNC,Moderate,Good,Medium,1
251,B,12 LPA,Tier-3,Startup,Fast,Poor,Low,0
252,A,10 LPA,Tier-1,PSU,Moderate,Good,High,0
252,B,10 LPA,Tier-2,Startup,Fast,Excellent,Medium,1
253,A,8 LPA,Tier-2,Startup,Fast,Poor,Low,0
253,B,8 LPA,Tier-3,MNC,Slow,Good,Medium,1
254,A,12 LPA,Tier-3,PSU,Slow,Good,High,0
254,B,12 LPA,Tier-2,MNC,Moderate,Excellent,Medium,1
255,A,10 LPA,Tier-1,MNC,Fast,Excellent,Medium,1
255,B,10 LPA,Tier-3,Startup,Fast,Good,Low,0
256,A,8 LPA,Tier-2,PSU,Moderate,Good,High,0
256,B,8 LPA,Tier-1,MNC,Slow,Excellent,Medium,1
257,A,12 LPA,Tier-3,MNC,Fast,Poor,Medium,1
257,B,12 LPA,Tier-1,Startup,Fast,Good,Low,0
258,A,10 LPA,Tier-2,Startup,Moderate,Excellent,Medium,1
258,B,10 LPA,Tier-3,PSU,Slow,Good,High,0
259,A,12 LPA,Tier-1,Startup,Fast,Poor,Low,1
259,B,8 LPA,Tier-1,PSU,Moderate,Excellent,High,0
260,A,12 LPA,Tier-3,MNC,Slow,Good,Medium,1
260,B,10 LPA,Tier-1,MNC,Fast,Good,Medium,0
261,A,12 LPA,Tier-2,MNC,Moderate,Good,Medium,1
261,B,12 LPA,Tier-3,Startup,Fast,Poor,Low,0
262,A,10 LPA,Tier-1,PSU,Moderate,Good,High,0
262,B,10 LPA,Tier-2,Startup,Fast,Excellent,Medium,1
263,A,8 LPA,Tier-2,Startup,Fast,Poor,Low,0
263,B,8 LPA,Tier-3,MNC,Slow,Good,Medium,1
264,A,12 LPA,Tier-3,PSU,Slow,Good,High,0
264,B,12 LPA,Tier-2,MNC,Moderate,Excellent,Medium,1
265,A,10 LPA,Tier-1,MNC,Fast,Excellent,Medium,1
265,B,10 LPA,Tier-3,Startup,Fast,Good,Low,0
266,A,8 LPA,Tier-2,PSU,Moderate,Good,High,1
266,B,8 LPA,Tier-1,MNC,Slow,Excellent,Medium,0
267,A,12 LPA,Tier-3,MNC,Fast,Poor,Medium,0
267,B,12 LPA,Tier-1,Startup,Fast,Good,Low,1
268,A,10 LPA,Tier-2,Startup,Moderate,Excellent,Medium,1
268,B,10 LPA,Tier-3,PSU,Slow,Good,High,0
269,A,12 LPA,Tier-1,Startup,Fast,Poor,Low,1
269,B,8 LPA,Tier-1,PSU,Moderate,Excellent,High,0
270,A,12 LPA,Tier-3,MNC,Slow,Good,Medium,1
270,B,10 LPA,Tier-1,MNC,Fast,Good,Medium,0
271,A,12 LPA,Tier-2,MNC,Moderate,Good,Medium,1
271,B,12 LPA,Tier-3,Startup,Fast,Poor,Low,0
272,A,10 LPA,Tier-1,PSU,Moderate,Good,High,1
272,B,10 LPA,Tier-2,Startup,Fast,Excellent,Medium,0
273,A,8 LPA,Tier-2,Startup,Fast,Poor,Low,0
273,B,8 LPA,Tier-3,MNC,Slow,Good,Medium,1
274,A,12 LPA,Tier-3,PSU,Slow,Good,High,1
274,B,12 LPA,Tier-2,MNC,Moderate,Excellent,Medium,0
275,A,10 LPA,Tier-1,MNC,Fast,Excellent,Medium,1
275,B,10 LPA,Tier-3,Startup,Fast,Good,Low,0
276,A,8 LPA,Tier-2,PSU,Moderate,Good,High,1
276,B,8 LPA,Tier-1,MNC,Slow,Excellent,Medium,0
277,A,12 LPA,Tier-3,MNC,Fast,Poor,Medium,1
277,B,12 LPA,Tier-1,Startup,Fast,Good,Low,0
278,A,10 LPA,Tier-2,Startup,Moderate,Excellent,Medium,0
278,B,10 LPA,Tier-3,PSU,Slow,Good,High,1
279,A,12 LPA,Tier-1,Startup,Fast,Poor,Low,0
279,B,8 LPA,Tier-1,PSU,Moderate,Excellent,High,1
280,A,12 LPA,Tier-3,MNC,Slow,Good,Medium,0
280,B,10 LPA,Tier-1,MNC,Fast,Good,Medium,1
281,A,12 LPA,Tier-2,MNC,Moderate,Good,Medium,1
281,B,12 LPA,Tier-3,Startup,Fast,Poor,Low,0
282,A,10 LPA,Tier-1,PSU,Moderate,Good,High,0
282,B,10 LPA,Tier-2,Startup,Fast,Excellent,Medium,1
283,A,8 LPA,Tier-2,Startup,Fast,Poor,Low,0
283,B,8 LPA,Tier-3,MNC,Slow,Good,Medium,1
284,A,12 LPA,Tier-3,PSU,Slow,Good,High,0
284,B,12 LPA,Tier-2,MNC,Moderate,Excellent,Medium,1
285,A,10 LPA,Tier-1,MNC,Fast,Excellent,Medium,1
285,B,10 LPA,Tier-3,Startup,Fast,Good,Low,0
286,A,8 LPA,Tier-2,PSU,Moderate,Good,High,0
286,B,8 LPA,Tier-1,MNC,Slow,Excellent,Medium,1
287,A,12 LPA,Tier-3,MNC,Fast,Poor,Medium,0
287,B,12 LPA,Tier-1,Startup,Fast,Good,Low,1
288,A,10 LPA,Tier-2,Startup,Moderate,Excellent,Medium,1
288,B,10 LPA,Tier-3,PSU,Slow,Good,High,0
289,A,12 LPA,Tier-1,Startup,Fast,Poor,Low,0
289,B,8 LPA,Tier-1,PSU,Moderate,Excellent,High,1
290,A,12 LPA,Tier-3,MNC,Slow,Good,Medium,1
290,B,10 LPA,Tier-1,MNC,Fast,Good,Medium,0
291,A,12 LPA,Tier-2,MNC,Moderate,Good,Medium,1
291,B,12 LPA,Tier-3,Startup,Fast,Poor,Low,0
292,A,10 LPA,Tier-1,PSU,Moderate,Good,High,1
292,B,10 LPA,Tier-2,Startup,Fast,Excellent,Medium,0
293,A,8 LPA,Tier-2,Startup,Fast,Poor,Low,0
293,B,8 LPA,Tier-3,MNC,Slow,Good,Medium,1
294,A,12 LPA,Tier-3,PSU,Slow,Good,High,1
294,B,12 LPA,Tier-2,MNC,Moderate,Excellent,Medium,0
295,A,10 LPA,Tier-1,MNC,Fast,Excellent,Medium,1
295,B,10 LPA,Tier-3,Startup,Fast,Good,Low,0
296,A,8 LPA,Tier-2,PSU,Moderate,Good,High,1
296,B,8 LPA,Tier-1,MNC,Slow,Excellent,Medium,0
297,A,12 LPA,Tier-3,MNC,Fast,Poor,Medium,1
297,B,12 LPA,Tier-1,Startup,Fast,Good,Low,0
298,A,10 LPA,Tier-2,Startup,Moderate,Excellent,Medium,1
298,B,10 LPA,Tier-3,PSU,Slow,Good,High,0
299,A,12 LPA,Tier-1,Startup,Fast,Poor,Low,1
299,B,8 LPA,Tier-1,PSU,Moderate,Excellent,High,0
300,A,12 LPA,Tier-3,MNC,Slow,Good,Medium,1
300,B,10 LPA,Tier-1,MNC,Fast,Good,Medium,0
301,A,12 LPA,Tier-2,MNC,Moderate,Good,Medium,0
301,B,12 LPA,Tier-3,Startup,Fast,Poor,Low,1
302,A,10 LPA,Tier-1,PSU,Moderate,Good,High,0
302,B,10 LPA,Tier-2,Startup,Fast,Excellent,Medium,1
303,A,8 LPA,Tier-2,Startup,Fast,Poor,Low,1
303,B,8 LPA,Tier-3,MNC,Slow,Good,Medium,0
304,A,12 LPA,Tier-3,PSU,Slow,Good,High,0
304,B,12 LPA,Tier-2,MNC,Moderate,Excellent,Medium,1
305,A,10 LPA,Tier-1,MNC,Fast,Excellent,Medium,0
305,B,10 LPA,Tier-3,Startup,Fast,Good,Low,1
306,A,8 LPA,Tier-2,PSU,Moderate,Good,High,0
306,B,8 LPA,Tier-1,MNC,Slow,Excellent,Medium,1
307,A,12 LPA,Tier-3,MNC,Fast,Poor,Medium,0
307,B,12 LPA,Tier-1,Startup,Fast,Good,Low,1
308,A,10 LPA,Tier-2,Startup,Moderate,Excellent,Medium,1
308,B,10 LPA,Tier-3,PSU,Slow,Good,High,0
309,A,12 LPA,Tier-1,Startup,Fast,Poor,Low,1
309,B,8 LPA,Tier-1,PSU,Moderate,Excellent,High,0
310,A,12 LPA,Tier-3,MNC,Slow,Good,Medium,0
310,B,10 LPA,Tier-1,MNC,Fast,Good,Medium,1
311,A,12 LPA,Tier-2,MNC,Moderate,Good,Medium,1
311,B,12 LPA,Tier-3,Startup,Fast,Poor,Low,0
312,A,10 LPA,Tier-1,PSU,Moderate,Good,High,1
312,B,10 LPA,Tier-2,Startup,Fast,Excellent,Medium,0
313,A,8 LPA,Tier-2,Startup,Fast,Poor,Low,0
313,B,8 LPA,Tier-3,MNC,Slow,Good,Medium,1
314,A,12 LPA,Tier-3,PSU,Slow,Good,High,1
314,B,12 LPA,Tier-2,MNC,Moderate,Excellent,Medium,0
315,A,10 LPA,Tier-1,MNC,Fast,Excellent,Medium,1
315,B,10 LPA,Tier-3,Startup,Fast,Good,Low,0
316,A,8 LPA,Tier-2,PSU,Moderate,Good,High,0
316,B,8 LPA,Tier-1,MNC,Slow,Excellent,Medium,1
317,A,12 LPA,Tier-3,MNC,Fast,Poor,Medium,0
317,B,12 LPA,Tier-1,Startup,Fast,Good,Low,1
318,A,10 LPA,Tier-2,Startup,Moderate,Excellent,Medium,1
318,B,10 LPA,Tier-3,PSU,Slow,Good,High,0
319,A,12 LPA,Tier-1,Startup,Fast,Poor,Low,0
319,B,8 LPA,Tier-1,PSU,Moderate,Excellent,High,1
320,A,12 LPA,Tier-3,MNC,Slow,Good,Medium,0
320,B,10 LPA,Tier-1,MNC,Fast,Good,Medium,1
321,A,12 LPA,Tier-2,MNC,Moderate,Good,Medium,0
321,B,12 LPA,Tier-3,Startup,Fast,Poor,Low,1
322,A,10 LPA,Tier-1,PSU,Moderate,Good,High,0
322,B,10 LPA,Tier-2,Startup,Fast,Excellent,Medium,1
323,A,8 LPA,Tier-2,Startup,Fast,Poor,Low,1
323,B,8 LPA,Tier-3,MNC,Slow,Good,Medium,0
324,A,12 LPA,Tier-3,PSU,Slow,Good,High,0
324,B,12 LPA,Tier-2,MNC,Moderate,Excellent,Medium,1
325,A,10 LPA,Tier-1,MNC,Fast,Excellent,Medium,1
325,B,10 LPA,Tier-3,Startup,Fast,Good,Low,0
326,A,8 LPA,Tier-2,PSU,Moderate,Good,High,1
326,B,8 LPA,Tier-1,MNC,Slow,Excellent,Medium,0
327,A,12 LPA,Tier-3,MNC,Fast,Poor,Medium,0
327,B,12 LPA,Tier-1,Startup,Fast,Good,Low,1
328,A,10 LPA,Tier-2,Startup,Moderate,Excellent,Medium,1
328,B,10 LPA,Tier-3,PSU,Slow,Good,High,0
329,A,12 LPA,Tier-1,Startup,Fast,Poor,Low,0
329,B,8 LPA,Tier-1,PSU,Moderate,Excellent,High,1
330,A,12 LPA,Tier-3,MNC,Slow,Good,Medium,0
330,B,10 LPA,Tier-1,MNC,Fast,Good,Medium,1
331,A,12 LPA,Tier-2,MNC,Moderate,Good,Medium,1
331,B,12 LPA,Tier-3,Startup,Fast,Poor,Low,0
332,A,10 LPA,Tier-1,PSU,Moderate,Good,High,1
332,B,10 LPA,Tier-2,Startup,Fast,Excellent,Medium,0
333,A,8 LPA,Tier-2,Startup,Fast,Poor,Low,0
333,B,8 LPA,Tier-3,MNC,Slow,Good,Medium,1
334,A,12 LPA,Tier-3,PSU,Slow,Good,High,0
334,B,12 LPA,Tier-2,MNC,Moderate,Excellent,Medium,1
335,A,10 LPA,Tier-1,MNC,Fast,Excellent,Medium,1
335,B,10 LPA,Tier-3,Startup,Fast,Good,Low,0
336,A,8 LPA,Tier-2,PSU,Moderate,Good,High,0
336,B,8 LPA,Tier-1,MNC,Slow,Excellent,Medium,1
337,A,12 LPA,Tier-3,MNC,Fast,Poor,Medium,0
337,B,12 LPA,Tier-1,Startup,Fast,Good,Low,1
338,A,10 LPA,Tier-2,Startup,Moderate,Excellent,Medium,1
338,B,10 LPA,Tier-3,PSU,Slow,Good,High,0
339,A,12 LPA,Tier-1,Startup,Fast,Poor,Low,0
339,B,8 LPA,Tier-1,PSU,Moderate,Excellent,High,1
340,A,12 LPA,Tier-3,MNC,Slow,Good,Medium,1
340,B,10 LPA,Tier-1,MNC,Fast,Good,Medium,0
341,A,12 LPA,Tier-2,MNC,Moderate,Good,Medium,1
341,B,12 LPA,Tier-3,Startup,Fast,Poor,Low,0
342,A,10 LPA,Tier-1,PSU,Moderate,Good,High,1
342,B,10 LPA,Tier-2,Startup,Fast,Excellent,Medium,0
343,A,8 LPA,Tier-2,Startup,Fast,Poor,Low,1
343,B,8 LPA,Tier-3,MNC,Slow,Good,Medium,0
344,A,12 LPA,Tier-3,PSU,Slow,Good,High,0
344,B,12 LPA,Tier-2,MNC,Moderate,Excellent,Medium,1
345,A,10 LPA,Tier-1,MNC,Fast,Excellent,Medium,1
345,B,10 LPA,Tier-3,Startup,Fast,Good,Low,0
346,A,8 LPA,Tier-2,PSU,Moderate,Good,High,1
346,B,8 LPA,Tier-1,MNC,Slow,Excellent,Medium,0
347,A,12 LPA,Tier-3,MNC,Fast,Poor,Medium,0
347,B,12 LPA,Tier-1,Startup,Fast,Good,Low,1
348,A,10 LPA,Tier-2,Startup,Moderate,Excellent,Medium,1
348,B,10 LPA,Tier-3,PSU,Slow,Good,High,0
349,A,12 LPA,Tier-1,Startup,Fast,Poor,Low,0
349,B,8 LPA,Tier-1,PSU,Moderate,Excellent,High,1
350,A,12 LPA,Tier-3,MNC,Slow,Good,Medium,1
350,B,10 LPA,Tier-1,MNC,Fast,Good,Medium,0
351,A,12 LPA,Tier-2,MNC,Moderate,Good,Medium,1
351,B,12 LPA,Tier-3,Startup,Fast,Poor,Low,0
352,A,10 LPA,Tier-1,PSU,Moderate,Good,High,0
352,B,10 LPA,Tier-2,Startup,Fast,Excellent,Medium,1
353,A,8 LPA,Tier-2,Startup,Fast,Poor,Low,0
353,B,8 LPA,Tier-3,MNC,Slow,Good,Medium,1
354,A,12 LPA,Tier-3,PSU,Slow,Good,High,1
354,B,12 LPA,Tier-2,MNC,Moderate,Excellent,Medium,0
355,A,10 LPA,Tier-1,MNC,Fast,Excellent,Medium,0
355,B,10 LPA,Tier-3,Startup,Fast,Good,Low,1
356,A,8 LPA,Tier-2,PSU,Moderate,Good,High,0
356,B,8 LPA,Tier-1,MNC,Slow,Excellent,Medium,1
357,A,12 LPA,Tier-3,MNC,Fast,Poor,Medium,1
357,B,12 LPA,Tier-1,Startup,Fast,Good,Low,0
358,A,10 LPA,Tier-2,Startup,Moderate,Excellent,Medium,1
358,B,10 LPA,Tier-3,PSU,Slow,Good,High,0
359,A,12 LPA,Tier-1,Startup,Fast,Poor,Low,1
359,B,8 LPA,Tier-1,PSU,Moderate,Excellent,High,0
360,A,12 LPA,Tier-3,MNC,Slow,Good,Medium,1
360,B,10 LPA,Tier-1,MNC,Fast,Good,Medium,0
361,A,12 LPA,Tier-2,MNC,Moderate,Good,Medium,1
361,B,12 LPA,Tier-3,Startup,Fast,Poor,Low,0
362,A,10 LPA,Tier-1,PSU,Moderate,Good,High,0
362,B,10 LPA,Tier-2,Startup,Fast,Excellent,Medium,1
363,A,8 LPA,Tier-2,Startup,Fast,Poor,Low,0
363,B,8 LPA,Tier-3,MNC,Slow,Good,Medium,1
364,A,12 LPA,Tier-3,PSU,Slow,Good,High,1
364,B,12 LPA,Tier-2,MNC,Moderate,Excellent,Medium,0
365,A,10 LPA,Tier-1,MNC,Fast,Excellent,Medium,1
365,B,10 LPA,Tier-3,Startup,Fast,Good,Low,0
366,A,8 LPA,Tier-2,PSU,Moderate,Good,High,0
366,B,8 LPA,Tier-1,MNC,Slow,Excellent,Medium,1
367,A,12 LPA,Tier-3,MNC,Fast,Poor,Medium,0
367,B,12 LPA,Tier-1,Startup,Fast,Good,Low,1
368,A,10 LPA,Tier-2,Startup,Moderate,Excellent,Medium,0
368,B,10 LPA,Tier-3,PSU,Slow,Good,High,1
369,A,12 LPA,Tier-1,Startup,Fast,Poor,Low,0
369,B,8 LPA,Tier-1,PSU,Moderate,Excellent,High,1
370,A,12 LPA,Tier-3,MNC,Slow,Good,Medium,1
370,B,10 LPA,Tier-1,MNC,Fast,Good,Medium,0
371,A,12 LPA,Tier-2,MNC,Moderate,Good,Medium,1
371,B,12 LPA,Tier-3,Startup,Fast,Poor,Low,0
372,A,10 LPA,Tier-1,PSU,Moderate,Good,High,1
372,B,10 LPA,Tier-2,Startup,Fast,Excellent,Medium,0
373,A,8 LPA,Tier-2,Startup,Fast,Poor,Low,0
373,B,8 LPA,Tier-3,MNC,Slow,Good,Medium,1
374,A,12 LPA,Tier-3,PSU,Slow,Good,High,1
374,B,12 LPA,Tier-2,MNC,Moderate,Excellent,Medium,0
375,A,10 LPA,Tier-1,MNC,Fast,Excellent,Medium,1
375,B,10 LPA,Tier-3,Startup,Fast,Good,Low,0
376,A,8 LPA,Tier-2,PSU,Moderate,Good,High,1
376,B,8 LPA,Tier-1,MNC,Slow,Excellent,Medium,0
377,A,12 LPA,Tier-3,MNC,Fast,Poor,Medium,0
377,B,12 LPA,Tier-1,Startup,Fast,Good,Low,1
378,A,10 LPA,Tier-2,Startup,Moderate,Excellent,Medium,1
378,B,10 LPA,Tier-3,PSU,Slow,Good,High,0
379,A,12 LPA,Tier-1,Startup,Fast,Poor,Low,0
379,B,8 LPA,Tier-1,PSU,Moderate,Excellent,High,1
380,A,12 LPA,Tier-3,MNC,Slow,Good,Medium,0
380,B,10 LPA,Tier-1,MNC,Fast,Good,Medium,1
381,A,12 LPA,Tier-2,MNC,Moderate,Good,Medium,1
381,B,12 LPA,Tier-3,Startup,Fast,Poor,Low,0
382,A,10 LPA,Tier-1,PSU,Moderate,Good,High,0
382,B,10 LPA,Tier-2,Startup,Fast,Excellent,Medium,1
383,A,8 LPA,Tier-2,Startup,Fast,Poor,Low,0
383,B,8 LPA,Tier-3,MNC,Slow,Good,Medium,1
384,A,12 LPA,Tier-3,PSU,Slow,Good,High,0
384,B,12 LPA,Tier-2,MNC,Moderate,Excellent,Medium,1
385,A,10 LPA,Tier-1,MNC,Fast,Excellent,Medium,0
385,B,10 LPA,Tier-3,Startup,Fast,Good,Low,1
386,A,8 LPA,Tier-2,PSU,Moderate,Good,High,0
386,B,8 LPA,Tier-1,MNC,Slow,Excellent,Medium,1
387,A,12 LPA,Tier-3,MNC,Fast,Poor,Medium,0
387,B,12 LPA,Tier-1,Startup,Fast,Good,Low,1
388,A,10 LPA,Tier-2,Startup,Moderate,Excellent,Medium,0
388,B,10 LPA,Tier-3,PSU,Slow,Good,High,1
389,A,12 LPA,Tier-1,Startup,Fast,Poor,Low,0
389,B,8 LPA,Tier-1,PSU,Moderate,Excellent,High,1
390,A,12 LPA,Tier-3,MNC,Slow,Good,Medium,0
390,B,10 LPA,Tier-1,MNC,Fast,Good,Medium,1
391,A,12 LPA,Tier-2,MNC,Moderate,Good,Medium,1
391,B,12 LPA,Tier-3,Startup,Fast,Poor,Low,0
392,A,10 LPA,Tier-1,PSU,Moderate,Good,High,1
392,B,10 LPA,Tier-2,Startup,Fast,Excellent,Medium,0
393,A,8 LPA,Tier-2,Startup,Fast,Poor,Low,0
393,B,8 LPA,Tier-3,MNC,Slow,Good,Medium,1
394,A,12 LPA,Tier-3,PSU,Slow,Good,High,1
394,B,12 LPA,Tier-2,MNC,Moderate,Excellent,Medium,0
395,A,10 LPA,Tier-1,MNC,Fast,Excellent,Medium,1
395,B,10 LPA,Tier-3,Startup,Fast,Good,Low,0
396,A,8 LPA,Tier-2,PSU,Moderate,Good,High,1
396,B,8 LPA,Tier-1,MNC,Slow,Excellent,Medium,0
397,A,12 LPA,Tier-3,MNC,Fast,Poor,Medium,0
397,B,12 LPA,Tier-1,Startup,Fast,Good,Low,1
398,A,10 LPA,Tier-2,Startup,Moderate,Excellent,Medium,0
398,B,10 LPA,Tier-3,PSU,Slow,Good,High,1
399,A,12 LPA,Tier-1,Startup,Fast,Poor,Low,0
399,B,8 LPA,Tier-1,PSU,Moderate,Excellent,High,1
400,A,12 LPA,Tier-3,MNC,Slow,Good,Medium,1
400,B,10 LPA,Tier-1,MNC,Fast,Good,Medium,0
401,A,12 LPA,Tier-2,MNC,Moderate,Good,Medium,1
401,B,12 LPA,Tier-3,Startup,Fast,Poor,Low,0
402,A,10 LPA,Tier-1,PSU,Moderate,Good,High,1
402,B,10 LPA,Tier-2,Startup,Fast,Excellent,Medium,0
403,A,8 LPA,Tier-2,Startup,Fast,Poor,Low,0
403,B,8 LPA,Tier-3,MNC,Slow,Good,Medium,1
404,A,12 LPA,Tier-3,PSU,Slow,Good,High,0
404,B,12 LPA,Tier-2,MNC,Moderate,Excellent,Medium,1
405,A,10 LPA,Tier-1,MNC,Fast,Excellent,Medium,1
405,B,10 LPA,Tier-3,Startup,Fast,Good,Low,0
406,A,8 LPA,Tier-2,PSU,Moderate,Good,High,0
406,B,8 LPA,Tier-1,MNC,Slow,Excellent,Medium,1
407,A,12 LPA,Tier-3,MNC,Fast,Poor,Medium,0
407,B,12 LPA,Tier-1,Startup,Fast,Good,Low,1
408,A,10 LPA,Tier-2,Startup,Moderate,Excellent,Medium,1
408,B,10 LPA,Tier-3,PSU,Slow,Good,High,0
409,A,12 LPA,Tier-1,Startup,Fast,Poor,Low,0
409,B,8 LPA,Tier-1,PSU,Moderate,Excellent,High,1
410,A,12 LPA,Tier-3,MNC,Slow,Good,Medium,0
410,B,10 LPA,Tier-1,MNC,Fast,Good,Medium,1
411,A,12 LPA,Tier-2,MNC,Moderate,Good,Medium,1
411,B,12 LPA,Tier-3,Startup,Fast,Poor,Low,0
412,A,10 LPA,Tier-1,PSU,Moderate,Good,High,0
412,B,10 LPA,Tier-2,Startup,Fast,Excellent,Medium,1
413,A,8 LPA,Tier-2,Startup,Fast,Poor,Low,1
413,B,8 LPA,Tier-3,MNC,Slow,Good,Medium,0
414,A,12 LPA,Tier-3,PSU,Slow,Good,High,0
414,B,12 LPA,Tier-2,MNC,Moderate,Excellent,Medium,1
415,A,10 LPA,Tier-1,MNC,Fast,Excellent,Medium,1
415,B,10 LPA,Tier-3,Startup,Fast,Good,Low,0
416,A,8 LPA,Tier-2,PSU,Moderate,Good,High,1
416,B,8 LPA,Tier-1,MNC,Slow,Excellent,Medium,0
417,A,12 LPA,Tier-3,MNC,Fast,Poor,Medium,0
417,B,12 LPA,Tier-1,Startup,Fast,Good,Low,1
418,A,10 LPA,Tier-2,Startup,Moderate,Excellent,Medium,1
418,B,10 LPA,Tier-3,PSU,Slow,Good,High,0
419,A,12 LPA,Tier-1,Startup,Fast,Poor,Low,1
419,B,8 LPA,Tier-1,PSU,Moderate,Excellent,High,0
420,A,12 LPA,Tier-3,MNC,Slow,Good,Medium,1
420,B,10 LPA,Tier-1,MNC,Fast,Good,Medium,0
421,A,12 LPA,Tier-2,MNC,Moderate,Good,Medium,1
421,B,12 LPA,Tier-3,Startup,Fast,Poor,Low,0
422,A,10 LPA,Tier-1,PSU,Moderate,Good,High,0
422,B,10 LPA,Tier-2,Startup,Fast,Excellent,Medium,1
423,A,8 LPA,Tier-2,Startup,Fast,Poor,Low,0
423,B,8 LPA,Tier-3,MNC,Slow,Good,Medium,1
424,A,12 LPA,Tier-3,PSU,Slow,Good,High,0
424,B,12 LPA,Tier-2,MNC,Moderate,Excellent,Medium,1
425,A,10 LPA,Tier-1,MNC,Fast,Excellent,Medium,1
425,B,10 LPA,Tier-3,Startup,Fast,Good,Low,0
426,A,8 LPA,Tier-2,PSU,Moderate,Good,High,0
426,B,8 LPA,Tier-1,MNC,Slow,Excellent,Medium,1
427,A,12 LPA,Tier-3,MNC,Fast,Poor,Medium,0
427,B,12 LPA,Tier-1,Startup,Fast,Good,Low,1
428,A,10 LPA,Tier-2,Startup,Moderate,Excellent,Medium,1
428,B,10 LPA,Tier-3,PSU,Slow,Good,High,0
429,A,12 LPA,Tier-1,Startup,Fast,Poor,Low,0
429,B,8 LPA,Tier-1,PSU,Moderate,Excellent,High,1
430,A,12 LPA,Tier-3,MNC,Slow,Good,Medium,1
430,B,10 LPA,Tier-1,MNC,Fast,Good,Medium,0
431,A,12 LPA,Tier-2,MNC,Moderate,Good,Medium,1
431,B,12 LPA,Tier-3,Startup,Fast,Poor,Low,0
432,A,10 LPA,Tier-1,PSU,Moderate,Good,High,1
432,B,10 LPA,Tier-2,Startup,Fast,Excellent,Medium,0
433,A,8 LPA,Tier-2,Startup,Fast,Poor,Low,0
433,B,8 LPA,Tier-3,MNC,Slow,Good,Medium,1
434,A,12 LPA,Tier-3,PSU,Slow,Good,High,0
434,B,12 LPA,Tier-2,MNC,Moderate,Excellent,Medium,1
435,A,10 LPA,Tier-1,MNC,Fast,Excellent,Medium,1
435,B,10 LPA,Tier-3,Startup,Fast,Good,Low,0
436,A,8 LPA,Tier-2,PSU,Moderate,Good,High,0
436,B,8 LPA,Tier-1,MNC,Slow,Excellent,Medium,1
437,A,12 LPA,Tier-3,MNC,Fast,Poor,Medium,1
437,B,12 LPA,Tier-1,Startup,Fast,Good,Low,0
438,A,10 LPA,Tier-2,Startup,Moderate,Excellent,Medium,0
438,B,10 LPA,Tier-3,PSU,Slow,Good,High,1
439,A,12 LPA,Tier-1,Startup,Fast,Poor,Low,1
439,B,8 LPA,Tier-1,PSU,Moderate,Excellent,High,0
440,A,12 LPA,Tier-3,MNC,Slow,Good,Medium,0
440,B,10 LPA,Tier-1,MNC,Fast,Good,Medium,1
441,A,12 LPA,Tier-2,MNC,Moderate,Good,Medium,1
441,B,12 LPA,Tier-3,Startup,Fast,Poor,Low,0
442,A,10 LPA,Tier-1,PSU,Moderate,Good,High,0
442,B,10 LPA,Tier-2,Startup,Fast,Excellent,Medium,1
443,A,8 LPA,Tier-2,Startup,Fast,Poor,Low,0
443,B,8 LPA,Tier-3,MNC,Slow,Good,Medium,1
444,A,12 LPA,Tier-3,PSU,Slow,Good,High,0
444,B,12 LPA,Tier-2,MNC,Moderate,Excellent,Medium,1
445,A,10 LPA,Tier-1,MNC,Fast,Excellent,Medium,1
445,B,10 LPA,Tier-3,Startup,Fast,Good,Low,0
446,A,8 LPA,Tier-2,PSU,Moderate,Good,High,0
446,B,8 LPA,Tier-1,MNC,Slow,Excellent,Medium,1
447,A,12 LPA,Tier-3,MNC,Fast,Poor,Medium,0
447,B,12 LPA,Tier-1,Startup,Fast,Good,Low,1
448,A,10 LPA,Tier-2,Startup,Moderate,Excellent,Medium,1
448,B,10 LPA,Tier-3,PSU,Slow,Good,High,0
449,A,12 LPA,Tier-1,Startup,Fast,Poor,Low,0
449,B,8 LPA,Tier-1,PSU,Moderate,Excellent,High,1
450,A,12 LPA,Tier-3,MNC,Slow,Good,Medium,0
450,B,10 LPA,Tier-1,MNC,Fast,Good,Medium,1
451,A,12 LPA,Tier-2,MNC,Moderate,Good,Medium,1
451,B,12 LPA,Tier-3,Startup,Fast,Poor,Low,0
452,A,10 LPA,Tier-1,PSU,Moderate,Good,High,1
452,B,10 LPA,Tier-2,Startup,Fast,Excellent,Medium,0
453,A,8 LPA,Tier-2,Startup,Fast,Poor,Low,0
453,B,8 LPA,Tier-3,MNC,Slow,Good,Medium,1
454,A,12 LPA,Tier-3,PSU,Slow,Good,High,0
454,B,12 LPA,Tier-2,MNC,Moderate,Excellent,Medium,1
455,A,10 LPA,Tier-1,MNC,Fast,Excellent,Medium,1
455,B,10 LPA,Tier-3,Startup,Fast,Good,Low,0
456,A,8 LPA,Tier-2,PSU,Moderate,Good,High,1
456,B,8 LPA,Tier-1,MNC,Slow,Excellent,Medium,0
457,A,12 LPA,Tier-3,MNC,Fast,Poor,Medium,1
457,B,12 LPA,Tier-1,Startup,Fast,Good,Low,0
458,A,10 LPA,Tier-2,Startup,Moderate,Excellent,Medium,1
458,B,10 LPA,Tier-3,PSU,Slow,Good,High,0
459,A,12 LPA,Tier-1,Startup,Fast,Poor,Low,1
459,B,8 LPA,Tier-1,PSU,Moderate,Excellent,High,0
460,A,12 LPA,Tier-3,MNC,Slow,Good,Medium,1
460,B,10 LPA,Tier-1,MNC,Fast,Good,Medium,0
461,A,12 LPA,Tier-2,MNC,Moderate,Good,Medium,1
461,B,12 LPA,Tier-3,Startup,Fast,Poor,Low,0
462,A,10 LPA,Tier-1,PSU,Moderate,Good,High,1
462,B,10 LPA,Tier-2,Startup,Fast,Excellent,Medium,0
463,A,8 LPA,Tier-2,Startup,Fast,Poor,Low,0
463,B,8 LPA,Tier-3,MNC,Slow,Good,Medium,1
464,A,12 LPA,Tier-3,PSU,Slow,Good,High,1
464,B,12 LPA,Tier-2,MNC,Moderate,Excellent,Medium,0
465,A,10 LPA,Tier-1,MNC,Fast,Excellent,Medium,1
465,B,10 LPA,Tier-3,Startup,Fast,Good,Low,0
466,A,8 LPA,Tier-2,PSU,Moderate,Good,High,1
466,B,8 LPA,Tier-1,MNC,Slow,Excellent,Medium,0
467,A,12 LPA,Tier-3,MNC,Fast,Poor,Medium,1
467,B,12 LPA,Tier-1,Startup,Fast,Good,Low,0
468,A,10 LPA,Tier-2,Startup,Moderate,Excellent,Medium,0
468,B,10 LPA,Tier-3,PSU,Slow,Good,High,1
469,A,12 LPA,Tier-1,Startup,Fast,Poor,Low,0
469,B,8 LPA,Tier-1,PSU,Moderate,Excellent,High,1
470,A,12 LPA,Tier-3,MNC,Slow,Good,Medium,0
470,B,10 LPA,Tier-1,MNC,Fast,Good,Medium,1
471,A,12 LPA,Tier-2,MNC,Moderate,Good,Medium,1
471,B,12 LPA,Tier-3,Startup,Fast,Poor,Low,0
472,A,10 LPA,Tier-1,PSU,Moderate,Good,High,1
472,B,10 LPA,Tier-2,Startup,Fast,Excellent,Medium,0
473,A,8 LPA,Tier-2,Startup,Fast,Poor,Low,0
473,B,8 LPA,Tier-3,MNC,Slow,Good,Medium,1
474,A,12 LPA,Tier-3,PSU,Slow,Good,High,1
474,B,12 LPA,Tier-2,MNC,Moderate,Excellent,Medium,0
475,A,10 LPA,Tier-1,MNC,Fast,Excellent,Medium,1
475,B,10 LPA,Tier-3,Startup,Fast,Good,Low,0
476,A,8 LPA,Tier-2,PSU,Moderate,Good,High,1
476,B,8 LPA,Tier-1,MNC,Slow,Excellent,Medium,0
477,A,12 LPA,Tier-3,MNC,Fast,Poor,Medium,1
477,B,12 LPA,Tier-1,Startup,Fast,Good,Low,0
478,A,10 LPA,Tier-2,Startup,Moderate,Excellent,Medium,0
478,B,10 LPA,Tier-3,PSU,Slow,Good,High,1
479,A,12 LPA,Tier-1,Startup,Fast,Poor,Low,0
479,B,8 LPA,Tier-1,PSU,Moderate,Excellent,High,1
480,A,12 LPA,Tier-3,MNC,Slow,Good,Medium,1
480,B,10 LPA,Tier-1,MNC,Fast,Good,Medium,0
481,A,12 LPA,Tier-2,MNC,Moderate,Good,Medium,1
481,B,12 LPA,Tier-3,Startup,Fast,Poor,Low,0
482,A,10 LPA,Tier-1,PSU,Moderate,Good,High,1
482,B,10 LPA,Tier-2,Startup,Fast,Excellent,Medium,0
483,A,8 LPA,Tier-2,Startup,Fast,Poor,Low,0
483,B,8 LPA,Tier-3,MNC,Slow,Good,Medium,1
484,A,12 LPA,Tier-3,PSU,Slow,Good,High,1
484,B,12 LPA,Tier-2,MNC,Moderate,Excellent,Medium,0
485,A,10 LPA,Tier-1,MNC,Fast,Excellent,Medium,1
485,B,10 LPA,Tier-3,Startup,Fast,Good,Low,0
486,A,8 LPA,Tier-2,PSU,Moderate,Good,High,1
486,B,8 LPA,Tier-1,MNC,Slow,Excellent,Medium,0
487,A,12 LPA,Tier-3,MNC,Fast,Poor,Medium,1
487,B,12 LPA,Tier-1,Startup,Fast,Good,Low,0
488,A,10 LPA,Tier-2,Startup,Moderate,Excellent,Medium,1
488,B,10 LPA,Tier-3,PSU,Slow,Good,High,0
489,A,12 LPA,Tier-1,Startup,Fast,Poor,Low,1
489,B,8 LPA,Tier-1,PSU,Moderate,Excellent,High,0
490,A,12 LPA,Tier-3,MNC,Slow,Good,Medium,1
490,B,10 LPA,Tier-1,MNC,Fast,Good,Medium,0
491,A,12 LPA,Tier-2,MNC,Moderate,Good,Medium,0
491,B,12 LPA,Tier-3,Startup,Fast,Poor,Low,1
492,A,10 LPA,Tier-1,PSU,Moderate,Good,High,0
492,B,10 LPA,Tier-2,Startup,Fast,Excellent,Medium,1
493,A,8 LPA,Tier-2,Startup,Fast,Poor,Low,1
493,B,8 LPA,Tier-3,MNC,Slow,Good,Medium,0
494,A,12 LPA,Tier-3,PSU,Slow,Good,High,0
494,B,12 LPA,Tier-2,MNC,Moderate,Excellent,Medium,1
495,A,10 LPA,Tier-1,MNC,Fast,Excellent,Medium,1
495,B,10 LPA,Tier-3,Startup,Fast,Good,Low,0
496,A,8 LPA,Tier-2,PSU,Moderate,Good,High,0
496,B,8 LPA,Tier-1,MNC,Slow,Excellent,Medium,1
497,A,12 LPA,Tier-3,MNC,Fast,Poor,Medium,0
497,B,12 LPA,Tier-1,Startup,Fast,Good,Low,1
498,A,10 LPA,Tier-2,Startup,Moderate,Excellent,Medium,1
498,B,10 LPA,Tier-3,PSU,Slow,Good,High,0
499,A,12 LPA,Tier-1,Startup,Fast,Poor,Low,0
499,B,8 LPA,Tier-1,PSU,Moderate,Excellent,High,1
500,A,12 LPA,Tier-3,MNC,Slow,Good,Medium,0
500,B,10 LPA,Tier-1,MNC,Fast,Good,Medium,1
501,A,12 LPA,Tier-2,MNC,Moderate,Good,Medium,1
501,B,12 LPA,Tier-3,Startup,Fast,Poor,Low,0
502,A,10 LPA,Tier-1,PSU,Moderate,Good,High,0
502,B,10 LPA,Tier-2,Startup,Fast,Excellent,Medium,1
503,A,8 LPA,Tier-2,Startup,Fast,Poor,Low,0
503,B,8 LPA,Tier-3,MNC,Slow,Good,Medium,1
504,A,12 LPA,Tier-3,PSU,Slow,Good,High,1
504,B,12 LPA,Tier-2,MNC,Moderate,Excellent,Medium,0
505,A,10 LPA,Tier-1,MNC,Fast,Excellent,Medium,0
505,B,10 LPA,Tier-3,Startup,Fast,Good,Low,1
506,A,8 LPA,Tier-2,PSU,Moderate,Good,High,1
506,B,8 LPA,Tier-1,MNC,Slow,Excellent,Medium,0
507,A,12 LPA,Tier-3,MNC,Fast,Poor,Medium,0
507,B,12 LPA,Tier-1,Startup,Fast,Good,Low,1
508,A,10 LPA,Tier-2,Startup,Moderate,Excellent,Medium,0
508,B,10 LPA,Tier-3,PSU,Slow,Good,High,1
509,A,12 LPA,Tier-1,Startup,Fast,Poor,Low,1
509,B,8 LPA,Tier-1,PSU,Moderate,Excellent,High,0
510,A,12 LPA,Tier-3,MNC,Slow,Good,Medium,0
510,B,10 LPA,Tier-1,MNC,Fast,Good,Medium,1
511,A,12 LPA,Tier-2,MNC,Moderate,Good,Medium,0
511,B,12 LPA,Tier-3,Startup,Fast,Poor,Low,1
512,A,10 LPA,Tier-1,PSU,Moderate,Good,High,0
512,B,10 LPA,Tier-2,Startup,Fast,Excellent,Medium,1
513,A,8 LPA,Tier-2,Startup,Fast,Poor,Low,1
513,B,8 LPA,Tier-3,MNC,Slow,Good,Medium,0
514,A,12 LPA,Tier-3,PSU,Slow,Good,High,0
514,B,12 LPA,Tier-2,MNC,Moderate,Excellent,Medium,1
515,A,10 LPA,Tier-1,MNC,Fast,Excellent,Medium,1
515,B,10 LPA,Tier-3,Startup,Fast,Good,Low,0
516,A,8 LPA,Tier-2,PSU,Moderate,Good,High,0
516,B,8 LPA,Tier-1,MNC,Slow,Excellent,Medium,1
517,A,12 LPA,Tier-3,MNC,Fast,Poor,Medium,1
517,B,12 LPA,Tier-1,Startup,Fast,Good,Low,0
518,A,10 LPA,Tier-2,Startup,Moderate,Excellent,Medium,1
518,B,10 LPA,Tier-3,PSU,Slow,Good,High,0
519,A,12 LPA,Tier-1,Startup,Fast,Poor,Low,0
519,B,8 LPA,Tier-1,PSU,Moderate,Excellent,High,1
520,A,12 LPA,Tier-3,MNC,Slow,Good,Medium,0
520,B,10 LPA,Tier-1,MNC,Fast,Good,Medium,1
521,A,12 LPA,Tier-2,MNC,Moderate,Good,Medium,1
521,B,12 LPA,Tier-3,Startup,Fast,Poor,Low,0
522,A,10 LPA,Tier-1,PSU,Moderate,Good,High,0
522,B,10 LPA,Tier-2,Startup,Fast,Excellent,Medium,1
523,A,8 LPA,Tier-2,Startup,Fast,Poor,Low,0
523,B,8 LPA,Tier-3,MNC,Slow,Good,Medium,1
524,A,12 LPA,Tier-3,PSU,Slow,Good,High,0
524,B,12 LPA,Tier-2,MNC,Moderate,Excellent,Medium,1
525,A,10 LPA,Tier-1,MNC,Fast,Excellent,Medium,1
525,B,10 LPA,Tier-3,Startup,Fast,Good,Low,0
526,A,8 LPA,Tier-2,PSU,Moderate,Good,High,1
526,B,8 LPA,Tier-1,MNC,Slow,Excellent,Medium,0
527,A,12 LPA,Tier-3,MNC,Fast,Poor,Medium,1
527,B,12 LPA,Tier-1,Startup,Fast,Good,Low,0
528,A,10 LPA,Tier-2,Startup,Moderate,Excellent,Medium,1
528,B,10 LPA,Tier-3,PSU,Slow,Good,High,0
529,A,12 LPA,Tier-1,Startup,Fast,Poor,Low,0
529,B,8 LPA,Tier-1,PSU,Moderate,Excellent,High,1
530,A,12 LPA,Tier-3,MNC,Slow,Good,Medium,0
530,B,10 LPA,Tier-1,MNC,Fast,Good,Medium,1
531,A,12 LPA,Tier-2,MNC,Moderate,Good,Medium,1
531,B,12 LPA,Tier-3,Startup,Fast,Poor,Low,0
532,A,10 LPA,Tier-1,PSU,Moderate,Good,High,0
532,B,10 LPA,Tier-2,Startup,Fast,Excellent,Medium,1
533,A,8 LPA,Tier-2,Startup,Fast,Poor,Low,0
533,B,8 LPA,Tier-3,MNC,Slow,Good,Medium,1
534,A,12 LPA,Tier-3,PSU,Slow,Good,High,0
534,B,12 LPA,Tier-2,MNC,Moderate,Excellent,Medium,1
535,A,10 LPA,Tier-1,MNC,Fast,Excellent,Medium,1
535,B,10 LPA,Tier-3,Startup,Fast,Good,Low,0
536,A,8 LPA,Tier-2,PSU,Moderate,Good,High,0
536,B,8 LPA,Tier-1,MNC,Slow,Excellent,Medium,1
537,A,12 LPA,Tier-3,MNC,Fast,Poor,Medium,1
537,B,12 LPA,Tier-1,Startup,Fast,Good,Low,0
538,A,10 LPA,Tier-2,Startup,Moderate,Excellent,Medium,0
538,B,10 LPA,Tier-3,PSU,Slow,Good,High,1
539,A,12 LPA,Tier-1,Startup,Fast,Poor,Low,0
539,B,8 LPA,Tier-1,PSU,Moderate,Excellent,High,1
540,A,12 LPA,Tier-3,MNC,Slow,Good,Medium,0
540,B,10 LPA,Tier-1,MNC,Fast,Good,Medium,1
541,A,12 LPA,Tier-2,MNC,Moderate,Good,Medium,1
541,B,12 LPA,Tier-3,Startup,Fast,Poor,Low,0
542,A,10 LPA,Tier-1,PSU,Moderate,Good,High,0
542,B,10 LPA,Tier-2,Startup,Fast,Excellent,Medium,1
543,A,8 LPA,Tier-2,Startup,Fast,Poor,Low,0
543,B,8 LPA,Tier-3,MNC,Slow,Good,Medium,1
544,A,12 LPA,Tier-3,PSU,Slow,Good,High,0
544,B,12 LPA,Tier-2,MNC,Moderate,Excellent,Medium,1
545,A,10 LPA,Tier-1,MNC,Fast,Excellent,Medium,1
545,B,10 LPA,Tier-3,Startup,Fast,Good,Low,0
546,A,8 LPA,Tier-2,PSU,Moderate,Good,High,1
546,B,8 LPA,Tier-1,MNC,Slow,Excellent,Medium,0
547,A,12 LPA,Tier-3,MNC,Fast,Poor,Medium,1
547,B,12 LPA,Tier-1,Startup,Fast,Good,Low,0
548,A,10 LPA,Tier-2,Startup,Moderate,Excellent,Medium,0
548,B,10 LPA,Tier-3,PSU,Slow,Good,High,1
549,A,12 LPA,Tier-1,Startup,Fast,Poor,Low,0
549,B,8 LPA,Tier-1,PSU,Moderate,Excellent,High,1
550,A,12 LPA,Tier-3,MNC,Slow,Good,Medium,0
550,B,10 LPA,Tier-1,MNC,Fast,Good,Medium,1
551,A,12 LPA,Tier-2,MNC,Moderate,Good,Medium,1
551,B,12 LPA,Tier-3,Startup,Fast,Poor,Low,0
552,A,10 LPA,Tier-1,PSU,Moderate,Good,High,0
552,B,10 LPA,Tier-2,Startup,Fast,Excellent,Medium,1
553,A,8 LPA,Tier-2,Startup,Fast,Poor,Low,0
553,B,8 LPA,Tier-3,MNC,Slow,Good,Medium,1
554,A,12 LPA,Tier-3,PSU,Slow,Good,High,0
554,B,12 LPA,Tier-2,MNC,Moderate,Excellent,Medium,1
555,A,10 LPA,Tier-1,MNC,Fast,Excellent,Medium,1
555,B,10 LPA,Tier-3,Startup,Fast,Good,Low,0
556,A,8 LPA,Tier-2,PSU,Moderate,Good,High,0
556,B,8 LPA,Tier-1,MNC,Slow,Excellent,Medium,1
557,A,12 LPA,Tier-3,MNC,Fast,Poor,Medium,0
557,B,12 LPA,Tier-1,Startup,Fast,Good,Low,1
558,A,10 LPA,Tier-2,Startup,Moderate,Excellent,Medium,1
558,B,10 LPA,Tier-3,PSU,Slow,Good,High,0
559,A,12 LPA,Tier-1,Startup,Fast,Poor,Low,0
559,B,8 LPA,Tier-1,PSU,Moderate,Excellent,High,1
560,A,12 LPA,Tier-3,MNC,Slow,Good,Medium,0
560,B,10 LPA,Tier-1,MNC,Fast,Good,Medium,1
